1,lMf2kUpKUwRDd3XMc16,32:29,13564,3160,6854,Culinaria
2,YBMFinyx40GjNY5oma,53:03,12877,5469,2104,Culinaria
3,rUMhzjsI,13:27,19339,13963,3595,Musica
4,U5HNwi,29:24,11602,541,8879,Tecnologia
5,BuasJzoIhag53V,16:36,7169,4702,1894,Educacao
6,7Kf5pGmwJpKLRCUa,28:33,5982,3321,949,Moda
7,K2YxbaLXxxjs0r,01:50,17626,7092,6158,Educacao
8,LT3RMSuLoffSmmGu z2,23:58,12691,2276,5861,Jogos
9,8kcsJgdpITzXBg,57:35,31158,24474,1125,Educacao
10,PnxcfJebV,31:06,9040,8821,27,Moda
11,WsCCZlrHBExNI,02:20,22588,9166,979,Tecnologia
12,wvRlA3AU gfXd5ARL,15:26,10534,6482,2024,Musica
13,KUp3DC3,55:31,10508,4542,3951,Jogos
14,RT7YlOY4RHc24jwU6E2,32:13,9616,2708,5980,Noticias
15,qQXGxn0Ir,21:09,23025,8095,13682,Filmes
16,EbyvFer2MMltf,32:06,30339,23392,2461,Noticias
17,1sl2sE,34:55,3323,2625,652,Jogos
18,Ee9ubH,35:01,17347,5394,454,Vlogs
19,zBnAO68lIH1bpl,31:20,24583,5867,5527,Educacao
20,Fg0Li9ZPDN0i,22:51,1608,1330,60,Noticias
21,8EO3rJS9I8vYJ3Wt,23:22,14906,8242,4827,Jogos
22,yKjuaUoL1J dCa,19:47,5609,3315,1041,Esportes
23,W0ouwQ,16:08,19135,8813,1564,Esportes
24,nfMev z6FGuM6xG,45:40,24100,1788,7492,Tecnologia
25,Wnaji5F93KAUF,57:12,17226,12339,2372,Vlogs
26,Dw6Y3EtwP,30:08,28321,771,21280,Musica
27,bRnm8WUjZLNDFb9C9H,57:05,14556,4207,4334,Culinaria
28,tFFwk HmP7kB8,58:47,12999,9451,3213,Esportes
29,ercroUH9Wm,30:41,31294,30438,526,Noticias
30,iLMYSg78q,15:13,13783,3847,2856,Musica
31,uhdrl9jx,35:35,4293,2936,125,Vlogs
32,dfxMev,16:03,32069,15883,2187,Jogos
33,ZspvP9x,55:15,5005,1452,2531,Musica
34,J61nicrKMgG,44:25,4126,772,770,Esportes
35,Tw4Ev7h9a,34:25,1961,1557,253,Culinaria
36,pn2ZzsDB,02:37,14779,14128,347,Filmes
37,o6aV1Z7ZWzGcR9YdOrA6,26:59,3386,968,991,Noticias
38,qfP9U2jHsYCShTysY,45:22,22211,14291,1274,Musica
39,WGnYe,13:16,25213,24461,449,Musica
40,1ZBthpiN32cM x9m,29:59,16263,2693,2627,Noticias
41,6OumtSg7dimHaAm,33:39,1155,1026,91,Educacao
42,pmYiGoCZ,13:20,1156,847,19,Filmes
43,6u7Ey8iGyONv,44:32,11989,10520,437,Esportes
44,G4CD7PyHDqR9D13WwG2,06:33,9030,2921,1158,Culinaria
45,JNdOCkXKa2Lc,22:34,23805,22021,1105,Moda
46,m6TrBCjbt8B5,53:29,984,764,138,Jogos
47,OV1d HbZmppPcv5U7,17:51,1725,1344,373,Tecnologia
48,OdbdUdLc0RrR3Fyo,01:51,5501,3816,1670,Noticias
49,JUA4l cmU7dQDsXdXTAO,53:14,10332,6361,1040,Noticias
50,6z3XWH,31:44,2733,2405,33,Culinaria
51,NB6DYUbqJ0BtMIingsm,09:07,5098,4835,131,Jogos
52,zfe8R,43:25,21849,14022,2490,Musica
53,gXS6xwHmsh98D,56:32,1677,254,101,Esportes
54,UTAagl1 kld2e t BT,24:11,12034,11821,139,Filmes
55,2AXVXPA8O5pl3yklmnt2,40:27,23827,15033,4319,Esportes
56,or6ktkixj,05:56,20989,594,11563,Educacao
57,xN01hgu7U8,30:49,12443,3092,77,Tecnologia
58,QcVda,22:18,14271,6597,7039,Jogos
59,nJ7GwcO9iUiFi4PZ,19:04,8712,7965,617,Culinaria
60,MbX4mupQjQFRGX3J,48:21,6540,324,4156,Noticias
61,RBt9T,32:40,31916,4510,15267,Culinaria
62,jGIKC9XTPSAM1sOt0BXz,37:06,32165,17026,914,Filmes
63,FzM4v6gRRUw3WdFR5,31:44,5982,2724,2509,Esportes
64,ABb1p,01:12,19931,14085,549,Musica
65,iDeh9ldWEF,24:53,13008,1714,6897,Esportes
66,5x6yEmqoZYrtEIl6wHdg,58:37,26105,23882,1853,Tecnologia
67,xdvyGt93KPdNb,08:06,21290,13373,6176,Filmes
68,3CZzkuZ5R5VDQJ,03:54,8329,8155,25,Esportes
69,c5EVTYNDW6,15:59,12026,4847,5359,Moda
70,u4kftdc5G,50:45,11000,6942,107,Educacao
71,fyw2p6UiAHnbv22Pc m,02:16,9472,5392,3828,Culinaria
72,solFAlM8PtQY3HSxkKS,40:36,14679,12514,1343,Tecnologia
73,aFvcLUm89,49:32,28574,13617,3560,Filmes
74,WtmyOlYmhcT,24:12,17623,8203,1901,Noticias
75,MWHO76b8ZWey0U,34:57,13598,3255,1707,Tecnologia
76,aCZkNMbKf0Du0cq,21:48,14138,5399,1459,Vlogs
77,hffL9Xk9rZFGrA2e0S1z,15:06,17198,10881,2477,Noticias
78,0NlgjvoAZLGUarKm,45:33,30000,5244,23628,Vlogs
79,tCZlf3CdG,31:37,24444,14860,5213,Jogos
80,RY4NkziZ9ohw2o1,22:34,16835,5773,8089,Educacao
81,GJ1imocGSVS,04:53,6167,1163,1014,Moda
82,2 cygK2,54:33,18407,13768,1114,Noticias
83,V7oFOWqvTqbsgUYp8i,29:03,30676,15022,4036,Tecnologia
84,f2bkvwFD,02:07,18681,7527,3247,Tecnologia
85,jf1CFuAKzJ5X9Dj ,03:08,476,49,183,Vlogs
86,glosl,11:37,15460,2349,5487,Vlogs
87,tBwW15iFLgp,41:11,31435,12381,7018,Vlogs
88,DVZWq7z,28:22,21090,8235,2656,Filmes
89,NCXvdBclNm Ecb1wL63,51:28,6178,5627,547,Educacao
90,6K1ZbhL,02:08,11566,3963,2149,Tecnologia
91,eqsqfuL2Th5acHT,31:30,16511,12785,460,Vlogs
92,CpMcEzUH7ve8YmPTaP,25:45,28313,9255,12831,Noticias
93,lyTGM,27:44,7467,63,6695,Esportes
94,2xcPzb5,20:42,18968,8533,6942,Noticias
95,vRRGel,05:31,32595,763,18605,Filmes
96,lgFiGoOMEDJ,29:10,11357,1516,2964,Educacao
97,9mBKh43Ge1,13:00,26225,4983,5072,Filmes
98,qZgZD41Slb,15:28,24714,6932,39,Noticias
99,mxwE5TCP,08:06,22766,2203,13193,Vlogs
100,YgqwdagQ,13:15,1507,1275,74,Vlogs
101,3ag8Fk4Objjsjr,03:13,31255,4334,25955,Noticias
102,5Jr015UEsSOzq,46:11,17073,15557,179,Culinaria
103,C3DWidTq6wo5,09:56,9784,1318,6464,Moda
104,F00ZQ D,55:28,16362,16047,254,Tecnologia
105,Fb0rlOj,12:27,13288,9158,550,Moda
106,WiLfFnt1E2xl,53:04,27659,19391,3020,Educacao
107,4azioeBvRU,43:40,30044,2114,1422,Esportes
108,GDlzW89U2TMGdJneg,49:16,12928,476,4072,Vlogs
109,4JaS8T9UzY7BPGCCK,46:40,22957,18077,4159,Vlogs
110,GQm2Xumi4J1BMwabZPk,41:59,1507,466,716,Jogos
111,jYcIlAWS0kOn,08:34,11594,1006,4893,Tecnologia
112,7DL1SM65iRh7nbj9wI5x,53:02,26587,9607,2301,Jogos
113,YyEgkIfH fH,06:15,2448,2303,104,Noticias
114,olOIZtEMo6hD XfqmC,14:41,20458,12529,3083,Educacao
115,EtLqPjrp1YYRXj8Ucu,40:40,14712,8299,601,Filmes
116,8KR kyrAwVwZXcqydj,04:01,20351,10785,1353,Jogos
117,wKqqF7S,26:22,17795,17239,504,Jogos
118,G7dkVAt,34:46,21089,10849,7500,Culinaria
119,s7lf2,04:12,10012,3749,5478,Culinaria
120,TOKUrtF2C2yDRQv2Ob,01:38,2910,1329,363,Noticias
121,dVV5k9tVs8e0NvNpQ,23:45,3828,162,2081,Moda
122,4pYDX6358aN3df,45:07,10742,4921,283,Culinaria
123,pJ0hReZ2XQT,08:46,18702,11111,2307,Educacao
124,uK64KCis4Y21msBJn,00:13,27928,3815,11569,Filmes
125,unhlcxzYbLwlyj1y,17:42,7422,1471,5120,Esportes
126,ChkH4IiV6PkrKtfeAhyn,41:48,20228,12347,909,Jogos
127,viztWK8gMwJ840H,27:38,15090,14159,918,Jogos
128,ncgS9SR5FLYWYEhFdlB,56:30,13103,12204,381,Filmes
129,YvXdhQ,23:33,13256,12973,170,Moda
130,bBYXRqWf4xrGGmF0ItA,49:37,24974,20608,634,Filmes
131,wcJcnN,51:10,26086,1388,77,Esportes
132,j0ToZxL,44:45,6858,6206,363,Moda
133,HCSJPh f5ai,00:12,20813,750,19103,Noticias
134,CBwHUed,40:54,12294,6306,283,Esportes
135,I z6TQH3Nhh3Q X,44:37,9869,2015,5119,Culinaria
136,DzG6QTAiZJleE i,58:35,32164,1265,27036,Vlogs
137,rsiHLjimcf6t,02:22,16969,2894,3065,Filmes
138,SdjHl uz,51:44,17499,6698,10568,Musica
139,1BcRWgUeZY2TtbHezUC2,22:54,11284,11161,34,Esportes
140,f rDdsCx,46:03,17023,4861,1759,Educacao
141,bsIMTBA6JwlIdkaJuD9,05:43,13782,4351,713,Vlogs
142,hienOWUNx,48:40,31539,16076,5464,Jogos
143,fYFfMN0IRU2EBMJJwD,28:19,2233,440,29,Musica
144,MvzCcWJOgiHbzV,46:58,21630,3911,309,Noticias
145,aflzZ,09:47,26875,253,94,Filmes
146,WomLPIJ,41:46,10523,6386,1,Culinaria
147,jY4f4W,23:02,27184,2016,13547,Noticias
148,H3pot7R,47:28,14948,1284,1790,Moda
149,GeXUd,27:48,11174,7003,3125,Tecnologia
150,ft9hDxxG,11:02,26033,11576,12869,Educacao
151,fnJoilCVVVg bKC5,15:04,28433,20409,3563,Esportes
152, GDkCUnH64NnPEvLcqE,34:19,13870,10329,548,Jogos
153,u62Q5NPP4dZrPH,23:18,27002,7181,15241,Musica
154,CNYxxTPKD,26:43,6732,279,544,Noticias
155,NKFGh,09:35,8601,1679,2031,Culinaria
156,dUY2lKHQpRqxs,19:36,18808,16332,270,Vlogs
157,GzjmADYWYz4JE,17:06,25672,3129,11149,Tecnologia
158,RPjXZNegJ,53:46,18085,6157,4889,Educacao
159,QQjuELqtbiVHRDW wK5,16:55,21190,10330,7538,Jogos
160,0eKjEC,57:14,13212,3075,7429,Moda
161,cmIm6f,01:45,12838,5753,1932,Musica
162,NZVTHLrG EspY2Ic1G,01:25,11361,5894,839,Tecnologia
163,gmV3Y0uGd1LBRyaE Ol,19:06,473,165,15,Noticias
164,9MD2l8IrtrSe6cadDT,27:47,25918,4325,4062,Jogos
165,zDgL5aE1GxLO2Rdt,34:55,3040,2880,152,Esportes
166,s84bKPo3ZZtZ9KEVm,17:43,30785,28750,348,Musica
167,ZgartcVKznx3XLNcGk2,18:09,27894,26379,297,Tecnologia
168,ArqUGHnEJ4qa9,55:25,21078,2682,1565,Vlogs
169,mrMZMSYVfuHGGvFXGt2,58:38,3605,1877,1301,Tecnologia
170,AFyW5w52og4BmDyiv,20:53,1667,1039,298,Filmes
171,Sl83Ld47oKTTCRd,15:48,29721,23598,1673,Filmes
172,FMePOaZ0w3V8NE,51:33,7641,6055,631,Noticias
173,3Yq6qvYThWaY,27:48,29671,18793,8514,Educacao
174,8moP3apGr6ollXo,18:51,16693,9159,7233,Esportes
175,gYQpFTRRD0caZPbzoMS,11:50,19934,11066,4361,Tecnologia
176,XFpibQxP0Y6AnrpmnRqK,08:42,2807,2558,17,Jogos
177,7nSfpXEnYI ,37:39,30318,26960,2322,Musica
178,hBvc1IrbGs1X yV,02:12,2935,672,1854,Musica
179,dwSaua29y,18:13,23380,3125,2841,Esportes
180,3nTDS7r,38:04,3876,981,124,Tecnologia
181,g1GUV,20:41,20532,14197,817,Noticias
182,AgXrV,31:23,1278,351,43,Vlogs
183,IzjXn3g2g,00:04,17336,9786,2594,Noticias
184,lSc6wjE,47:10,10772,7457,1422,Filmes
185,FNhL1xKpWuhMEJCP,45:48,23079,10609,7237,Esportes
186,L2ybwOy50PmW569dHn,55:31,3263,2396,559,Educacao
187,vIq Z7qDtzAN,19:10,21221,5618,7521,Musica
188, NTob3 LbS,20:40,17322,10644,3143,Educacao
189,Z7sYpqMrfSnEvjmXDO,02:43,20510,4732,6857,Jogos
190,rzZ3sWX mEjH,23:26,22883,22817,2,Culinaria
191,p1Hp0LZCffQxSPbAd,51:27,16771,9083,7568,Musica
192,oIYwZ6wzh3J117DGNOBO,32:42,23467,1159,290,Moda
193,94ZVJ3SBoiZ0bpYJm,42:02,8008,3556,1096,Musica
194,eL2UPD,31:25,11157,8926,1483,Moda
195,VjZbJsejxeHmRMZ,33:31,5734,5204,270,Esportes
196,iqcVyqY2pH,13:31,6199,1415,1451,Musica
197,Rk1lVJ1mDO9YA5Yqxz56,50:12,9467,8404,676,Esportes
198,8SpIHx9Q1Il7V,12:28,8074,5778,66,Jogos
199,8T82YYlwVH Bg0,58:22,21763,17301,3658,Jogos
200,31v7Hur,29:16,26950,5805,3285,Tecnologia
201,3Ty2n Dchl,04:55,23130,21440,146,Noticias
202,kVTYCzMt2i nxRyPN,13:25,29379,28998,141,Culinaria
203,OoHML,18:46,28890,26684,1905,Filmes
204,uRqrrmUz0Tqns,10:30,29243,419,2021,Tecnologia
205,bEZK2XWYn4LhXvS,01:40,12588,6235,3578,Vlogs
206,R0w8oRWGwVnMKEj570X,39:40,20340,5494,13552,Tecnologia
207, k33WHqas,41:59,9131,3909,2127,Musica
208,utpuNuf7XRfhGSE,09:27,30066,939,26534,Moda
209,Po6lUDnYR38,37:19,21191,17183,1340,Moda
210,p1YaQaGbFD3sC,03:46,15607,6509,188,Esportes
211,M4EDO,12:57,9699,3352,3905,Vlogs
212,FgOU6CH ZFVGr,21:15,24107,5059,11777,Vlogs
213,APJ7k212UhMt2ZQ,57:18,4946,2826,249,Educacao
214,Mgh1Zzr47IGmsT6dI Q,35:37,9769,8694,986,Esportes
215,W6yRrpj,02:52,21995,5188,14975,Filmes
216,6HHaFjizRN,37:39,8461,3409,1288,Moda
217,kjZ9pxI,19:31,26304,17295,1735,Esportes
218,5VyWKBrDTga9CW,28:55,20431,15676,4649,Noticias
219,XLn0c4pMrrh9C2C9j5Vy,59:27,28902,16265,3118,Culinaria
220,zPj 1nq0cKc,17:49,13754,8388,3230,Esportes
221,ksvIBxcAxkZz,04:33,24060,5946,2626,Educacao
222,afUJm0JttbP,25:59,5520,4287,1178,Tecnologia
223,ICqBOdo F3y3ganw,55:09,10865,6275,189,Filmes
224,1UiC8cB,01:32,9199,4313,2079,Culinaria
225,1iOYM9wOY6,53:59,10190,205,5128,Culinaria
226,A7Gk2fE297LMMUY,17:10,13472,12666,517,Vlogs
227,NpL4AqyMPYAFW 36cj,49:11,13012,746,1118,Culinaria
228,i LYzwj3m7ZD,07:44,18758,18054,225,Musica
229,xdv5H1lZiGMoMVF,43:22,14013,9561,2720,Musica
230,6iXKph,54:52,16687,12220,2404,Musica
231,YbLGGfl4oI,25:53,22211,2563,1092,Jogos
232,vfXEmKVUvuLU1i,34:06,26846,3407,12116,Musica
233,KuyGZhhCxY6sV1,40:01,13729,11380,284,Noticias
234,UHSjP1iWq2ansDF4slR,59:53,618,445,116,Vlogs
235,oZBKkBYhN V,06:46,552,481,34,Moda
236,B1chPgWOzw,46:28,14982,1207,236,Musica
237,dDQ8F2f,40:41,16464,6736,3144,Filmes
238,3NXPK A1lz1VHZo8u,59:48,22905,17763,1622,Moda
239,Ull4bcJKv4 ,50:38,17513,12409,5012,Culinaria
240,IMMCh0C7INrXv,25:28,22051,21689,221,Vlogs
241,OpOOJMlfYOgGEU,49:00,22277,6333,6435,Esportes
242,9JXfsgvF dYl30,17:59,3809,3472,61,Moda
243,F3FaQu,06:37,5870,5248,125,Filmes
244,m7ksqPD2oM,32:51,2078,79,1324,Filmes
245,tAQc2N,50:09,31530,22695,5154,Musica
246,W6KeEoKBG10w,41:19,25817,24554,792,Jogos
247,ze8qlvUeW,57:17,11215,7127,2126,Vlogs
248,bYnNgH4aw,31:01,8242,7599,87,Vlogs
249,KoH9jN,19:04,24569,2964,7634,Noticias
250,DMpAZX3,00:12,1542,360,434,Tecnologia
251, r21pEaq6TI7reulCvtc,46:34,22548,7481,7765,Moda
252,z6nue0g,59:54,25627,6223,7973,Musica
253,fCVpAAfLSLlO6mR ,51:17,28251,19348,2746,Noticias
254,OU7H5LCvl6,00:40,11934,8089,2846,Moda
255,dmbaYqv,05:06,15488,11769,3049,Tecnologia
256,72eerwSmh,36:34,11609,2077,7458,Moda
257,6sWAJ8Dcacl IJpsp,52:08,31279,243,28409,Musica
258,au 6BhEpG7Y9dN8JvUNn,18:05,8676,208,3306,Musica
259,SBXe2I5E9,40:16,23772,6681,8587,Moda
260,MlsJnxw2,00:24,18875,8414,2961,Culinaria
261,bT6oPBn176Zfobp,50:14,27427,166,7768,Vlogs
262,Cb0nSV,27:19,6608,155,943,Moda
263, tp9K9CrsptHOEATJe,48:36,5369,4160,54,Jogos
264,2A9N8fb,18:38,30832,1999,4584,Educacao
265,cQw2NUSNJfS0H8u6,05:59,9987,8095,1785,Noticias
266,Pvti5pFnRGmhDdbhFWbX,57:40,4479,1614,2560,Tecnologia
267,sxddWmouZKRSnkdNo,38:39,21779,7049,13685,Vlogs
268,VkFbaiiUtSdo,16:32,1027,874,41,Moda
269,7zMGtCokqQheSCz,27:15,27663,17174,712,Educacao
270,wOfgsr,17:36,28146,20212,4224,Musica
271,by1fBznRGiXlwO7e,36:14,10376,6709,3144,Jogos
272,f3gUA0vxvS9lGvnPZpL9,14:13,4661,1175,2015,Jogos
273,7t5SleIUcF,15:41,28923,27540,353,Vlogs
274,RZYoL8MyX,05:19,23700,16276,2841,Jogos
275,YB4mI,54:40,29240,17870,9045,Jogos
276,Hf2S0,12:33,2553,2511,38,Educacao
277, qVb2BPGNuQ,00:52,12091,6812,452,Educacao
278,kvJz0htpSA,20:36,5946,1090,2085,Musica
279,LhcOyFD9NQrYg9OeoAQT,27:17,15206,14212,319,Noticias
280,GfTFKf3jJIEn,03:48,3718,494,2587,Tecnologia
281,j9GFk1jlpZv48V,10:15,5058,1370,362,Filmes
282,nmEoR3dAcQuIg,12:21,32058,30803,790,Esportes
283,UpboZtNa,57:43,24242,13948,1831,Moda
284,kfArup,49:21,15811,8526,3193,Vlogs
285,8mBgfErROL,16:32,22281,12318,2770,Esportes
286,LPa2pgK4utRxQIKa,03:41,13555,5150,742,Vlogs
287,HuC6I0GmhqyrjzUFqC,01:59,5699,1402,1202,Esportes
288,ykoosZletSq,28:31,10706,4942,1602,Moda
289,EwGsMkdB,40:19,21317,10618,3854,Culinaria
290,QxXVvff948qCe,59:28,15153,9858,2645,Esportes
291,cAwOlz6O,47:40,690,223,379,Musica
292,w6fxxgNwUhxiOYS,55:57,18265,1820,8820,Musica
293,mXdLzQcu5AfcWl7QiH,56:14,24868,3298,3770,Filmes
294,suOzG7R1,24:34,10334,8314,1677,Musica
295,9Wr66uWt2f2,38:34,16514,13265,2897,Educacao
296,eLwLOZoOLIZ,26:47,7503,5047,1860,Esportes
297,Yr6Fq,08:07,21075,8239,4816,Moda
298,T rcA7bYEOTj,00:12,13626,4921,6306,Esportes
299,LFhiX95xsNzzSGO,25:23,30084,9947,9848,Esportes
300,9q5Bi,36:08,32117,10525,5768,Educacao
301,nVhof,43:47,16570,1125,2174,Tecnologia
302,TBI4UaryPRC5P,28:48,17987,9507,4920,Culinaria
303,4qt nuchFnJ0G0U1fpX,43:01,23117,2428,8017,Noticias
304,ZVYluwkrda HHGU0,08:59,13327,11749,1121,Musica
305,nSDiV,06:21,10647,7031,1644,Moda
306,J7iUZMWiI2Fam4LVwov,40:58,26850,3870,14017,Educacao
307,RgsjTAPSoi,10:46,19803,17436,1683,Jogos
308,uGUbkWaXBVRCB4SxS60,42:14,99,21,60,Tecnologia
309,C9euYYIZcqo4Asjp,14:50,12622,6257,5045,Moda
310,Eu98ni6jn,55:28,25755,8595,10990,Educacao
311,XpAF95L,20:33,16835,5503,6051,Tecnologia
312,jmrvhAbR7,36:14,26746,9622,3052,Educacao
313,hMkbpWM8NzBt,38:34,16139,5932,3162,Vlogs
314,OagwclKsRIvyPE7,57:43,8953,4471,3198,Musica
315,hFXb5q,52:57,32578,25140,4985,Jogos
316,svvcAA8,08:34,8281,1913,6153,Tecnologia
317,UvsnWRSA74gtX,03:17,11422,7993,1075,Moda
318,Nf1CqVr7mjAlUAw5cIq,39:10,14284,9360,2709,Vlogs
319,zEe9c,06:52,10690,2245,5413,Esportes
320,qkP6uUqH,51:02,6764,990,916,Esportes
321,qiCuh2HYSKm1cd,31:30,14701,2166,4644,Esportes
322,r6LOHf7Q,56:58,25599,7020,13231,Musica
323,xRvFiI0,18:59,3104,934,1308,Noticias
324,2 sJ1rmhOo6,09:52,12103,10795,1185,Filmes
325,sOzvVNxFFzKaC0LLu,04:49,5168,995,2259,Musica
326,RugLlMCm4cdMwCHbsfL,13:27,28157,27296,363,Filmes
327,JdACT3,23:43,21457,1329,7479,Moda
328,gAqok0p2tBQr FQ3Cv,52:03,4126,3613,334,Noticias
329,MklpBsoui80RxzQuC,50:21,13224,5199,3344,Moda
330,rbxeQPzaWuG6G1BG5 h,51:47,3158,1990,974,Tecnologia
331,iWMKGZrl,05:39,13703,1382,8917,Noticias
332,KWmZg 4QD0lmQ,22:10,6627,5912,534,Musica
333,QqNhYrKiBhp5P8BkB,59:55,26059,20033,2922,Filmes
334,0TWqvQuzJoKxHCaQX6c,17:35,11192,7807,1083,Filmes
335,hidpBL6GEWGrygs0H,18:29,31541,9019,6132,Educacao
336,lTQKEZePv3,40:34,31198,621,1041,Culinaria
337,tjRO3Ag5CUb1ayBtPgPp,22:16,18249,11097,3680,Filmes
338,YmPfXbsi sK Eqr,46:25,11296,1203,6297,Noticias
339,lb4bc27E9X7limtjl,55:57,8851,7718,250,Filmes
340,0WsFjGV,02:59,15452,5550,180,Culinaria
341,l59eOktdhngM,12:48,22705,12016,3685,Tecnologia
342,i3ZmISI cW5mSJ3N,51:50,10426,7424,527,Educacao
343,58OQKehYyXK5,09:33,28988,28586,126,Jogos
344,uwoou89HhM0dtElO W,40:06,19122,18245,189,Noticias
345,5TVRYyZdDsrPL80VC,09:36,11189,662,4946,Moda
346,0huhAIrfHx1Y6OqvkE,02:04,26462,2343,1377,Culinaria
347,1mAx2Dk,01:21,4603,1275,2487,Moda
348,SCbcOzTcKf,56:37,21316,10324,4159,Educacao
349,kEBF1G ,31:31,20731,1418,19200,Noticias
350,U6bgVxYSlzpqbDv,09:37,16271,11609,4253,Tecnologia
351,H GOHbxNZOA,40:30,10593,4474,2556,Jogos
352,nZ nSKWHL,39:50,13095,3036,9726,Esportes
353,3CL4noCuqj8lywOlL9RL,01:26,12040,5158,393,Noticias
354,DWjILIQYGy9MubEZCa2,07:07,4992,2386,811,Tecnologia
355, BWDwQML,27:53,21615,12146,2346,Vlogs
356,x6X6vINpF,11:14,12854,3421,6455,Esportes
357,Y8XpbJUbN2AjCXTCKh5X,14:22,9927,9280,425,Noticias
358,Fl9F Ff,09:29,28896,28204,84,Vlogs
359,jDgMxeucUZ4AeG,09:41,911,134,190,Filmes
360,oNriHzybhRl51Arh,14:28,30868,18803,8000,Tecnologia
361,iDwZU7SW,36:28,3528,3149,170,Noticias
362,s BqRdikkwgKJfVETOzZ,02:20,16775,10470,2782,Musica
363,tSxQ6aBkTozDp1fTgIT,14:41,18766,3237,11619,Tecnologia
364,LYA7nnFJV,24:37,23562,2534,10369,Vlogs
365,yacDkqM6E8VQZPiC,47:29,14424,4196,2891,Jogos
366,jlzTsPu8HDpjhePYTrM,40:21,5977,1508,1526,Culinaria
367,kCLkFo,05:57,21075,18184,35,Tecnologia
368,04uYAokMuuTIfWHPwCS,33:26,7981,7362,497,Moda
369,r6uIEeBw7X2YnGLC1MO,11:40,30536,18529,4267,Tecnologia
370,pGcroqkgTURUFy2u,49:00,12188,7318,3012,Tecnologia
371,WRuMkGgVXwNOl71,08:06,20149,2556,12972,Culinaria
372,Un7r0,32:08,5636,2327,397,Jogos
373,MT73H18VS0sxFDG4O,25:51,7696,7388,293,Noticias
374,nKgSZGgI,52:07,14833,7459,6543,Culinaria
375,untXMvN0xfLES,03:58,1723,825,463,Moda
376,HrvxPFL6atWbBga0Xx2f,05:16,6472,1303,4993,Jogos
377,EHb0k,34:31,24963,20571,1759,Musica
378,puYftJrj1C,05:46,20772,13996,1237,Noticias
379,ybaew,56:05,12672,2160,1938,Filmes
380,tZ9j1TwKoLdNraj,58:56,31218,30429,630,Tecnologia
381,6Q88GImjcIFVQ,25:02,28230,4823,5223,Jogos
382,uszoMICy,34:59,16584,1905,5835,Jogos
383,BF7Bm4Ry Pd8H2n,30:02,18209,8243,2477,Filmes
384,l9j AIARMxd7qI,15:45,21374,8995,3528,Esportes
385,qEyji,00:31,9768,7704,1944,Noticias
386,D1RqWLxKibaIq,54:39,12759,3526,3802,Moda
387,Xue0K ENDViygKYS,26:07,5001,4346,630,Esportes
388,ozx2dvXpjeYO,52:11,28049,4664,5115,Noticias
389,l9vW1PLAdmVD16cv0J,15:55,8889,1673,1015,Moda
390,kP1ITdtfOd,06:50,18523,1220,10582,Musica
391,jPtCH8mkwyfWTEArYOJ,35:44,32685,8886,3344,Tecnologia
392,Im6AZ7kTniHsMaaxR5,28:38,20008,19347,148,Esportes
393,rPcgum8T0sW,38:25,24433,9577,7244,Noticias
394,TZY9mluY,29:13,18198,1908,11369,Tecnologia
395,n XzJruHsA2JgFJp889l,18:56,925,388,142,Jogos
396,o1mnvhjOO1,32:41,17485,4253,233,Filmes
397,ufUhUYvoxMxCPUJcsu,31:48,808,277,496,Tecnologia
398,StekYoae2 ,34:43,28696,11188,11358,Musica
399,oTdeCuwG,25:48,18356,8299,3622,Educacao
400,9v1IJn0,48:52,9881,4009,2832,Jogos
401,XYbtIPLoOpLbeEjp,39:00,31694,21248,7273,Musica
402,15cOd3Q9b,55:02,24854,2243,5322,Tecnologia
403,qx3cI6xg,15:40,5607,3379,1101,Moda
404,ZpzNsXqPsHVCT1nx,42:02,29510,2703,14266,Educacao
405,Xo6PdS8mA0 ,38:29,32116,29869,1899,Vlogs
406,RIvC QNyz3fUjFmpqde,28:52,28859,25550,794,Filmes
407,0zPv3lquKvaat cbq6j,06:08,16769,6607,1544,Filmes
408,jKIIMgzapnfOAg9AWMcb,55:58,20764,10738,4790,Filmes
409,tmPuSp9Ey15UP8ak2,29:24,1906,1028,139,Culinaria
410,XoEP2RYLnLX,03:41,24119,7962,15821,Culinaria
411,9sxcSQ7FYXVu,56:03,7918,2383,4714,Musica
412,Jt4BUb31zK67Ci32,08:31,27559,3429,8631,Jogos
413,s9OnLLv6tVd7,43:55,21586,1572,1886,Tecnologia
414,CeZxXSIoQ83MkRE8,31:59,24602,1693,5090,Vlogs
415,KR6w1keSjC,04:40,3834,489,2417,Jogos
416,NqoAC,33:11,12135,7598,3574,Moda
417,88X 4YHsGcSf,21:21,30837,2336,23225,Musica
418,KjMRfg99CV6WYn,04:23,3168,2387,159,Filmes
419,kdczARd0eb,53:38,22923,21508,667,Educacao
420,88VjxJIfUpDyR1jICG4,05:21,24755,6546,16861,Tecnologia
421,86o7E1MU1m0RMcVJV,11:40,32214,2958,247,Vlogs
422,UrwfSIQIR53a4Rq,29:59,8663,7099,1144,Jogos
423,KtLto,12:46,9797,2829,5222,Filmes
424,GwHFJ zkT ZXtGQKtBE,50:09,1702,398,377,Vlogs
425,eMn63FWkwh9MG0 T1OMK,15:56,10617,381,3364,Esportes
426,AqUCum7KnCKAP,13:21,924,747,91,Filmes
427,uMYohvRj,30:19,16700,9813,2707,Jogos
428,WJrurm8G5,14:18,27824,26259,1503,Moda
429,UonDAxa,21:35,7068,2556,1455,Esportes
430,OKIRbXpUa,04:19,7756,4687,1814,Vlogs
431,mDsS5yZJyVcU2QZ,50:17,12297,3668,4693,Vlogs
432,FQ77ssQL2mY,37:54,30110,19111,1455,Culinaria
433,UIrvDfwYPW,51:09,23566,842,9137,Vlogs
434,dIRpWs5H,54:20,23985,13493,7848,Noticias
435,xtws3,15:03,6791,4290,684,Filmes
436,9Zuu 9FOi7sB,49:16,26214,23340,1580,Moda
437,piiF9ctvUxu2lBaFp,36:48,28291,8853,6350,Filmes
438,6dRLWNP,48:02,24188,1250,5792,Culinaria
439,At8uCoCWie4Xnmn,04:52,9129,9071,56,Esportes
440,A76 71,46:11,27179,5098,11410,Culinaria
441,QfuFQTW3CA,50:41,1895,1076,203,Jogos
442,atKD32yy,32:59,6111,5874,151,Vlogs
443,NyIRYLnnV,08:22,6937,3378,2555,Tecnologia
444,1b2Eal,51:53,18662,5881,3309,Filmes
445,kS1WdwE2Qoq,38:08,6248,1466,2168,Noticias
446,EpAWP3ro1xREr,54:17,2610,2162,348,Vlogs
447,yLzis,15:02,15548,12519,2245,Filmes
448,me3rgXte40A2tOh0,45:20,695,680,6,Moda
449,ldznne1M965VgLw,43:18,4926,824,3030,Tecnologia
450,O9mhI043tbf,51:38,32297,22677,7157,Culinaria
451,FUVssWQHj5oxgflOsYhw,14:12,31582,8101,5340,Tecnologia
452,h4LPl5YWkTd8Np,21:06,14524,13674,677,Vlogs
453,Rfcpo8gALwuinW22,05:40,25274,20235,1508,Musica
454,8Ca S15CIKEuPph84QP,52:48,19343,8231,7975,Moda
455,GQGJDkeW0pO,03:31,8700,3137,5186,Vlogs
456,Px9s44dthhVvF,02:20,9207,5680,851,Educacao
457,5ycDhbRmDegy ,21:42,25945,5389,639,Noticias
458,4iGCyRuWRZ,56:34,16669,1890,2091,Culinaria
459,zER161piKLoJNZq,58:52,20952,138,628,Esportes
460,Ye7TIHDWkU Khhsd,07:42,28509,3403,4689,Filmes
461,iwW aWFkObXJW5xM2E,10:32,27105,26201,514,Esportes
462,gGhBiUc,56:52,23382,4386,11633,Noticias
463,vykfK6v 0kTzH,25:49,14190,11288,321,Jogos
464,6nJEHaImhxjZhS,02:57,942,448,393,Esportes
465,7kEeTyqqCW23jpGHkwhL,35:51,24217,5156,3043,Tecnologia
466,ymPQa,25:41,25907,2905,19095,Vlogs
467,Y6gQ1amIrxWMtTwcs,38:04,20422,266,4288,Culinaria
468,ZY7 Qa9,09:37,3523,1084,870,Tecnologia
469,VmCKU,54:25,6994,2255,3418,Educacao
470,6TMdPGA4CXR4MP9Mz,08:01,12090,3458,8607,Jogos
471,TLedg0LL3DIwwAyvs5Zr,26:14,2452,1767,485,Musica
472,dlcood,14:52,7087,2136,4128,Musica
473,qrBcG5z9P,03:14,31064,18640,2699,Musica
474,FuDG03x7PydD,25:17,1874,804,998,Culinaria
475,f8yQw8,51:46,2479,1042,1257,Filmes
476,JVVGBeu7THPho6IuBa,58:00,4948,777,3042,Educacao
477,eSXlltbx0GJLEQRpU5e,52:05,7115,4774,2295,Noticias
478,a0SiTj1LPdMksOqw,05:42,5828,3647,1031,Jogos
479,M5xLKHw2hek3QFoNIete,39:20,11097,8881,1324,Musica
480,Vwwh4t1sF5PTeC,54:44,20185,6471,3535,Moda
481,JcVGpwExcyoTQ,52:37,1393,894,201,Educacao
482,oleRzsz6WSE,58:00,26903,18522,6958,Vlogs
483,63KK8TXII,38:01,10768,9648,953,Noticias
484,FM jX0c,53:49,19230,12693,3735,Culinaria
485,1LpkYZl,11:49,8298,430,1613,Esportes
486,3cL4DKQ Uy4us5 P,55:29,30528,665,13258,Musica
487,4lRrmlBj,24:08,3250,784,617,Culinaria
488,kTrkw1PuNAOx4K6E5k,04:47,2627,2589,16,Tecnologia
489,qGiAXRymPsoOgj,49:21,25407,16572,1137,Tecnologia
490,5nP7c0oqJXbzclHL7niL,13:47,20438,5203,8616,Filmes
491,SC2lrHxG0,39:51,28032,4630,8097,Jogos
492,NsEPo,34:28,3096,2822,219,Esportes
493,7u9 W8dmOx,13:49,16445,2832,10598,Esportes
494,e65 mqGNMciF0CG3TAQ,44:49,28416,4329,5162,Educacao
495,XIKqRYvwN,31:51,22921,14250,3111,Moda
496,P1wvvPJ5llInHe2T,05:14,12609,3803,3231,Esportes
497,eBg8N2UMsc,51:38,32054,7572,4058,Moda
498,dNCEAUHGY2,09:56,28756,2568,11656,Musica
499,o8V ul6Xzv,38:38,26022,3413,6726,Noticias
500,yKCWlgQpWvqm7,08:04,23248,21364,1471,Vlogs
501,4TwyiXWlT9Yzj4ed8POo,35:40,31850,25402,3983,Tecnologia
502,MF9ZKT6,48:47,12009,1404,810,Tecnologia
503,NXnDZW,54:38,7923,6162,1498,Musica
504,lIpCCQEeW,58:54,4684,222,3703,Musica
505,RXRNF5CeIN,30:14,16287,6825,8928,Jogos
506,UJjoZ9lMTk,44:23,27297,18493,56,Moda
507,hwMiDMA73YlfWxHt3R,37:52,2823,1655,147,Esportes
508,qinpRma1IdhfUXP6f,16:47,5857,4721,765,Moda
509,3V7Apq8xqFX,43:50,9593,9389,135,Esportes
510,riTolo,08:09,29922,28257,1597,Musica
511,s3bN8aqHp,33:20,27189,477,8134,Noticias
512,ZDWmRCQOy,36:25,18718,12660,4328,Culinaria
513,n0acBLM8Qr,05:06,19858,19767,36,Noticias
514,XzZj2o0LUTy27tP8t2bP,16:53,22992,17270,2312,Tecnologia
515,te8uc,09:16,1266,41,1030,Tecnologia
516,5wY6oBJOPrCg,25:54,7538,1699,4514,Filmes
517,SAd2nkBNVzPjxcD,48:58,17576,14865,399,Educacao
518,PxLE I,52:36,29647,22555,4697,Jogos
519,68r66homctFV,31:36,4340,3130,315,Musica
520,2UzBMoSYiszDNagL,32:07,27422,7540,18383,Culinaria
521,CyBLn0OJvw9z,37:06,7653,6002,1218,Filmes
522,KDugLUvKoQOuRlvz,34:22,11506,5160,3016,Culinaria
523,L07Jvl,23:22,31435,16566,9214,Tecnologia
524,Fj3 zVdOwdxZC2c,04:43,15631,353,11215,Culinaria
525,4WYBWzidi6h,17:25,13926,2665,5082,Filmes
526,s7aBRWgP5F8PRe,14:29,23726,2147,2123,Filmes
527,xQ kDF,23:08,30258,16136,5785,Moda
528,wnzoJKPp,49:30,164,131,27,Tecnologia
529,dUMH5hYCVP,38:28,1166,986,5,Educacao
530,HB6Ae0ozxGYV6ln,37:42,15609,3668,6351,Moda
531,eYdpUbPRGGr,38:48,2726,570,783,Musica
532,yOxkjip,45:35,31768,19034,10355,Educacao
533,vyLwIPn6pTkVUUW0RxO0,11:38,7418,3653,2234,Vlogs
534,mRdA4,12:32,4278,3562,569,Noticias
535,8mwkCyR,13:51,20208,4383,7979,Noticias
536,9439 ,21:26,18691,2246,2592,Jogos
537,zMyIgMxtVPlvPF,26:10,13043,10096,1356,Filmes
538,bAsD80Jp1lH7,19:22,8403,1616,3805,Filmes
539,CeGVA0AR9,08:04,28693,12948,606,Culinaria
540,cTMSmIF9smXl2VI2,50:19,6306,4811,828,Filmes
541,p2VCoak4yAt2lZW2S,40:24,9014,5009,3122,Musica
542,wHQcx3j9zRxr2VyeKW3J,39:19,4219,1782,1376,Vlogs
543,urzyAgvpQLk,44:30,12727,5634,1887,Filmes
544,kmkgtZBcRwq,27:24,9974,6594,2212,Musica
545,qv8pwUs1t,09:43,28015,6256,13038,Esportes
546,sqfLLHB7l3cU,27:53,9497,5995,2245,Musica
547,p3Hm88rkRFXGPfKwAL8,03:02,30301,15648,12197,Musica
548,PXVmtFExQ8l,07:50,16985,12743,275,Tecnologia
549,jm26gZDYw,34:17,7236,6920,211,Filmes
550,ZXERbbH9voZNhU,26:15,13311,3480,9774,Filmes
551,DAvUdHMPjBnfj,34:18,17036,5813,9422,Esportes
552,LZVCjXb,38:00,31807,25033,1514,Filmes
553,xBAAT,16:52,30656,23354,7142,Moda
554,RzfzbQ3HDkjOjYDw,50:28,20994,16811,77,Musica
555,HuqBMvYXTg ,24:34,27591,23729,3810,Educacao
556,WjEEjpFuND,22:46,7976,2417,2513,Educacao
557,xOXMI3ZEqTqkhi1oRKf5,40:51,26715,14720,11155,Tecnologia
558,PUqxuefVZ,23:34,12743,1336,2426,Culinaria
559,jRkeAFtvUke OlAk8oI,51:58,686,7,335,Educacao
560,imm4du,27:36,30523,958,3057,Filmes
561,jtiyBzgAYja,48:57,1158,933,30,Moda
562,9qUdnrcg,30:48,14951,2612,2000,Culinaria
563,1ubndJaYO7P,11:09,22714,7119,10552,Musica
564,l2xX3rveu,43:58,26582,10184,2973,Educacao
565,78aFLDHwBr,57:26,17544,2998,7553,Vlogs
566,BxpfVLQqK,59:19,30959,15726,3230,Jogos
567, 56N1a6NfrOK,22:16,3731,1486,470,Esportes
568,SxCJVfrbhMNuuSGu,21:13,29249,24272,1291,Esportes
569,mLrp4Dzra1wciBwHrZ,46:40,1365,375,526,Culinaria
570, t9EpI e,24:37,339,97,97,Esportes
571,FA7GswRbKPz,16:51,16309,662,1459,Esportes
572,iofOwikxbW4gKzCd7NK,59:56,20774,16755,3304,Tecnologia
573,W4VE3ODiuykZ,13:44,17081,10323,1245,Moda
574,SLsoQ,17:08,29217,6301,3820,Culinaria
575,Na2M6bVT3iXvL,40:58,5102,3075,1549,Moda
576,d2r7xsb,37:10,23068,4194,6113,Tecnologia
577,zSl1iYqJVwm6bw,36:54,7454,3121,2713,Culinaria
578,IvQMK77udb7N1XgeF,00:34,2109,1430,557,Jogos
579,6r84dbtrJMJgxp,21:34,13944,1136,1777,Filmes
580,mlbz8ZtHE,02:11,17134,12601,3174,Tecnologia
581,7VycGo,42:28,3270,2277,770,Moda
582,CHtsxdXU1,13:24,11901,551,9865,Filmes
583,bYvp6yfF,21:43,22089,1441,2356,Moda
584,yMDKonbLjn4,37:40,18233,10232,7288,Esportes
585,OlAhMaEHY6,38:49,16508,11298,716,Moda
586,fuQmTqmRLLis,32:22,26764,6674,10955,Esportes
587,wUo0e5I,27:01,22245,7975,941,Educacao
588,B1xKkvxH6F7uPxkl,17:42,26612,4399,19048,Esportes
589,vDIC0TV,59:10,15880,4550,1478,Tecnologia
590,xIkZ3WwTta2CvNRmHK ,53:01,12160,11124,1031,Educacao
591,CICeKsEtk2HXRNg,36:49,2454,1916,446,Noticias
592,dH02LJHqpigsz5S3,23:38,7128,4966,792,Musica
593,Kz6nsE8HoA,43:29,26794,1030,2996,Jogos
594,rHgZjxjGeZeTvxA,08:17,11203,7185,2840,Musica
595,303iMzUIvh,01:22,21776,15878,2583,Educacao
596,s Gd9Twvw5A6mpZk2,14:19,1385,867,169,Filmes
597,W9QB 7hjfHJQQJS,31:42,16801,2616,7877,Noticias
598,rR iGDoBGYa,02:13,21256,10469,179,Jogos
599,RfgyVfQsP4Hhl8Zf,58:57,28306,10338,3260,Jogos
600,4v1PMg9KrymDxBP,10:45,28748,7888,11694,Esportes
601,kkpVfKThvzXGoS,18:04,29286,17006,4425,Noticias
602,jY9joJncSX,52:13,5317,3072,1108,Culinaria
603,8tlEB3D4JfMMxBJs9kw,31:16,21514,3179,14397,Esportes
604,iO2Qgq4wlJeOGK2M,40:25,30930,1732,23316,Moda
605,fTAbPs,49:59,16137,10371,2255,Esportes
606,gQaowdolXWwaTT ,23:45,1941,511,1171,Vlogs
607, HAxhwtq7NRmKCLPGPO,18:50,3076,2190,282,Culinaria
608,RvvDxkw5,07:09,2099,19,2010,Noticias
609,n GTrsT6,39:27,16793,11056,1154,Filmes
610,qUMfgjyEyhPKbuav,08:39,4345,2228,1932,Noticias
611,mQTw4MuEXtN4fMSQ,29:15,26429,7494,5622,Educacao
612,Ry9pJqX43PvdwFE5snK,34:56,18693,4651,4173,Musica
613,50ADtie,37:04,20984,11506,4075,Moda
614,I8FhE7hbQIMdhP cEGLj,40:53,16562,16,1413,Tecnologia
615,e9dJwPcp,51:29,5925,2312,1053,Esportes
616,f41PydCKhGz,11:25,12515,7324,3247,Esportes
617,7P3pDdR1544ZGElXOX0,46:08,7076,808,3186,Jogos
618,3RgxNTWI,59:53,21301,798,12304,Noticias
619,IpK65ece,30:22,32479,24632,5887,Filmes
620,KSM8KMvRzqThJX,12:42,24426,22411,72,Musica
621,ay89DYEHeMGreGQizBEq,59:29,68,17,5,Moda
622,alvVo2XmuG4Q5,13:48,29840,5333,8355,Tecnologia
623,lcrVmGKpsbhUJ8,30:43,25920,5717,3388,Tecnologia
624,KqrlVWSs,02:32,23529,4450,9846,Filmes
625,6i9wc w6HBGLXx,22:56,18266,9456,8455,Vlogs
626,3fyWMjU1jhmUbi1BX,32:07,13387,13163,16,Esportes
627,xQzHW2,25:06,10989,2983,5760,Moda
628,lZqlqih4dlXHXvkEFZe,39:12,30784,28937,1115,Esportes
629,ZAi4Z2g9VsmmNORELvj,13:20,31312,8463,2152,Moda
630,xjJ9gL qp,23:17,12873,5297,6805,Moda
631,XFmVGzZ,03:03,15386,11307,1996,Noticias
632,ajsdZ56j4L5ZC3X6aj2i,56:21,26897,19373,3994,Educacao
633,GcwuVinWe2awZtrnoYb,05:00,22970,11432,7646,Tecnologia
634,xZt07wjSFINQIVGYZ8w,33:55,5157,2506,1950,Noticias
635,lYsnbJYtGK6cA,25:30,425,36,239,Culinaria
636,y0JyILE5lO,30:40,7448,288,1591,Moda
637,U3JuIde5,35:40,24537,2083,12882,Culinaria
638,1USAThik0Fc6dokMiw,16:38,3391,560,1348,Culinaria
639,uGTrngQv RDmumaVxHQ,45:02,23882,15397,378,Noticias
640,m3Iiwn,51:27,840,398,11,Moda
641,L5E4OnTptL2Ax,59:30,22388,6528,5371,Filmes
642,bCrUx07nK2v,27:18,26759,2461,5430,Esportes
643,lF07hDIwuk,50:03,31263,3665,24416,Filmes
644,5LKzA5MrOT46NTxocab,04:08,7494,4767,487,Esportes
645,2yrKyKM2SelXo2Cpp,58:49,24810,10945,96,Filmes
646,iCVRAEc6,31:23,22064,10552,1309,Esportes
647, VTAs,32:05,20794,340,2852,Jogos
648,ihUxQS9s558SYmuq,43:18,379,242,35,Noticias
649,TNKsryhg1UZUE3dO,00:16,1612,107,543,Moda
650,uQWC6w8e,46:26,26063,1555,21852,Musica
651,BCKLhzXfqYZjyh,17:16,11874,6945,4647,Moda
652,WileTYl,29:25,3361,2007,287,Vlogs
653,n4FHuDeG4kwDTy,15:24,14949,9934,2587,Culinaria
654,EaGqq6I11,15:33,20184,11884,4349,Culinaria
655,3B8Qp3ykja ed6tLq1Hs,11:56,28230,8398,12992,Noticias
656,7Mb0d,03:01,9628,141,1957,Noticias
657,i09aO43ENZPU03,06:45,7039,3239,1824,Vlogs
658,tADOCFZyLlI4FxS,37:46,21950,13156,3384,Noticias
659,U6bkJI,43:56,8387,4970,265,Tecnologia
660,Pul8eSz1 XSZw CEQkI,00:58,25240,15344,108,Esportes
661,hf8Z4hsOlBjF,16:54,12805,2080,6780,Musica
662,mwxjRyOePXcYi,32:24,32729,26830,1540,Filmes
663,PFVn4gPPGYo23Jyjn,20:12,24959,23401,1135,Esportes
664,ktsUjXmxCVZi,13:27,18262,13386,1567,Jogos
665,J96YUyIfQ,40:09,31499,329,26861,Vlogs
666,lJQ1F8C,07:41,10012,1650,2321,Culinaria
667,5VD z83caaQF 1,37:49,29800,14896,2649,Moda
668,lLSN2f7sEUbsxKIg40,37:43,26534,25937,145,Filmes
669,rjFx3C4rm,47:03,106,92,11,Culinaria
670,a9jP3u2krvxNn9,04:47,30015,763,18331,Vlogs
671,TqfWFfZcXC3,05:56,16711,1709,1733,Noticias
672,qi062a,58:39,9687,1934,1555,Culinaria
673, xn3IFA6rod,04:41,18114,5303,1408,Noticias
674,bFrflAF852Tu,29:45,5537,2814,2306,Musica
675,ICv1U5gpsfs7u5Zocar,31:39,15436,8902,4831,Musica
676,k9WUIvul3DTr,37:17,31027,976,17347,Noticias
677,c5JmS,05:50,4322,1769,33,Esportes
678,wCqgxmGSeZRce,26:00,27487,10545,6444,Esportes
679,Ct8R6vS,08:42,8329,5152,2755,Culinaria
680,moIZq43JJNlcjfjdGYgk,50:56,3676,2004,1256,Culinaria
681,cejv8GbGc,10:12,9594,9376,114,Culinaria
682,KCWhPFScGeAjl,27:00,15539,12739,257,Filmes
683,ogRURe5Td,13:21,6490,5516,415,Musica
684,yeMg0,22:39,3749,752,1329,Musica
685,TH67eqN,46:01,25978,18919,4932,Vlogs
686,mgpegk1I,50:09,13610,6365,2033,Noticias
687,o9GuKa,07:12,16527,8976,4246,Esportes
688,zhGriWJmAy0IPi,59:54,29761,8156,19385,Filmes
689,yGdJgw6AZj,59:54,23236,1079,9644,Musica
690,c1Ooy6XFZXi540je,12:53,16179,13289,2800,Filmes
691,z6 gIVWnPhkVb7FT,22:02,2765,388,274,Moda
692,cBM4yBngh85UsT7,16:42,21560,3587,3851,Vlogs
693,3UyyI8S68wrjrU4qIfl,48:09,21643,1450,2523,Filmes
694,jGSLCznon2m,14:47,18964,11381,2280,Jogos
695,omOat7Dh6P0MRPE,36:54,29750,14879,13973,Educacao
696,WPdod,15:48,11904,10788,1090,Vlogs
697,YchJoF,09:22,19853,9779,3660,Filmes
698,1u76Gft3IXxQs ,39:05,1584,26,819,Musica
699,dl5T0o5Mv63d7a0,42:48,2153,1271,198,Esportes
700,grgJrEpwWnhjsP,37:54,4667,2345,332,Culinaria
701,pFhEbkjs,02:27,30307,1830,14085,Moda
702,zfCbIZ3hnDv,52:27,8515,3620,2606,Noticias
703,v vI5VMto2OnykMcCs,50:44,4791,2005,2557,Esportes
704,7 HPkqmv,01:08,31306,14553,1705,Culinaria
705, E7wPkNq,45:21,30927,29096,814,Tecnologia
706,OwShQpn,55:59,17207,15257,344,Culinaria
707,Lt1HPEPKKqv,56:29,15046,10774,1373,Vlogs
708,BDtLtAQGzgACV91oOdF,42:11,25005,23205,1113,Educacao
709,Bupy boU dtP w,35:32,27533,14829,9231,Educacao
710,G7PAWeAZETUF,21:01,14862,1337,2249,Tecnologia
711,r5bqTGxk4YUWJ6z,03:14,22783,11113,10788,Jogos
712,e9rw1b9Tx MkK5vRk0,06:17,32438,10174,1921,Esportes
713,vYmMo6vcA,32:51,6883,6618,157,Vlogs
714,HsY05 rRQjN,27:24,2763,762,858,Jogos
715,kwyDK,37:25,32254,9522,5719,Noticias
716,Zc8qpQt9hflXznTFJmnC,21:44,27335,20461,6534,Jogos
717,nT1VVzmxi n,05:56,32634,2384,12095,Esportes
718,IJonkDj,26:17,23734,15461,5136,Educacao
719,wstzX4yIOk9LfESdnW,45:06,4511,4232,82,Esportes
720,i6vuIG70XQj7dF,38:28,2301,1017,911,Educacao
721,Qx0er,17:13,26899,15081,3010,Noticias
722,5yM3loalTvOZGw,12:10,9934,2445,2424,Culinaria
723,G1zoTGf0,02:53,13070,4862,3489,Vlogs
724,VrgTLPjs,43:59,16474,1503,13751,Filmes
725,5AeMynC3aG53Sdy0Z7,08:28,27793,8361,10394,Moda
726,LrAgtkc6M8lENDK4eVDG,56:27,2727,1893,687,Tecnologia
727,bNPiN6,50:31,29251,1307,15664,Culinaria
728,6o 8jQc8LNnWa7,55:30,25956,3758,3871,Vlogs
729,cOhCbndjEYs,24:08,3088,1725,1159,Moda
730,5vPDr3,26:36,7142,2204,2035,Vlogs
731,EXgSwvYjIxFnRvrkf,15:12,4503,50,2928,Jogos
732, 0OEcEWW53QYx,44:11,9912,6371,2862,Filmes
733,lK9aov250ZrKY,46:21,15887,1561,8776,Jogos
734,7BQimEJ0Epy8rIH,45:47,28791,584,3228,Esportes
735,YHtk nTd0qPe8,48:31,11406,6177,3274,Jogos
736,V1jC0ha,04:05,18923,1662,11584,Educacao
737,xxbKi,38:08,11355,8803,1021,Moda
738,TkGBbktvmdc9bip26q,42:03,958,312,108,Filmes
739,ZpAxg9Sw,00:51,9756,8561,1141,Jogos
740,plostOhduKvsSu2W,57:18,30333,2145,11923,Moda
741,c8CxMmduVkm1,48:27,32367,2856,17516,Musica
742,fSwlKQr4YGTLjaQ,49:44,26895,9242,2054,Esportes
743,kw6c9CRITSbBsy79V,31:23,29735,17181,6803,Noticias
744,89NvMourP,23:30,22875,7969,11124,Filmes
745,rnXQV ROiBf,44:50,25444,129,8290,Esportes
746,xXxEdKw8CNU,00:11,2481,2155,216,Vlogs
747,qwKknLzdjBDA,04:51,24702,12065,715,Vlogs
748,7sESszdjrh HHZoQl 0a,04:21,11879,10695,471,Jogos
749,6Rhsf,07:10,14320,6971,5263,Educacao
750,4GTy0bmwrKZyY,32:16,24499,15158,3000,Educacao
751,BgqYc7HiiCp2KYMR6B6,05:53,11366,4049,1828,Tecnologia
752,GqoYVPtvt,54:49,1066,795,205,Esportes
753,a6CoLKHmyuvrpM,10:41,384,98,173,Culinaria
754,6DVhtTIo,27:50,22054,8612,2812,Esportes
755,S6ThwnN,26:47,14076,3120,4434,Educacao
756,MVYHiSyJS,04:43,23411,20567,387,Vlogs
757,kwjh6mbzOH iB,42:43,573,209,236,Vlogs
758,ZRw5m0MZWwUma,02:24,21902,167,4000,Esportes
759,V4WczFH,38:27,12373,1197,3887,Filmes
760,F7mWn 23ZbO,35:22,32264,2005,2627,Musica
761, yNIij jrR7LdKzVJ0Q,21:02,3640,3275,347,Jogos
762,hGFKPFDy8Kw8U1,01:08,7415,383,2183,Educacao
763,JCv2qeZQDlr,40:34,22616,14799,3529,Moda
764,92abpWyl5gXepT,22:53,13717,4418,1265,Filmes
765,SG AGm1icFSocwlqwCs,54:34,16792,3232,11375,Musica
766,w1vImbXlzBUW,51:17,1079,649,241,Musica
767,0pfypf9OPK2,48:49,28799,2688,382,Tecnologia
768,UAK8M8UuboeAFvCYYwAq,59:35,17066,10018,3122,Filmes
769,7MntJ0MRNE,24:02,28003,16343,9893,Moda
770,lbk9FQ,29:55,3553,1379,773,Tecnologia
771,USvb21pf3VocEJZkupW,51:30,11234,5426,5428,Educacao
772,AhNeWJ5OfL6XiPyvt,29:32,15991,2547,7759,Vlogs
773, 9nDLCQFdd4CM7v,08:20,5828,4682,244,Moda
774,5ztqb05B,39:41,400,46,64,Jogos
775,V4esjJVjHOlXguc,42:14,5392,4881,198,Musica
776,Qc0XIwc,11:03,2963,2238,253,Vlogs
777,EXXNkvzIMlPGbM,21:10,26721,19457,6741,Tecnologia
778,VHCSJp432SoOBNYG,45:11,14740,7875,5096,Musica
779,0xRdRQsMb,47:51,855,356,401,Moda
780,yY1WqtZWZeWru4fj,00:20,3611,3602,6,Tecnologia
781,1lWP4x,05:52,9291,620,4456,Musica
782,wNWUtV8NT5Fm,31:25,8521,3315,2290,Moda
783,DqMtP,17:58,4266,1538,860,Esportes
784,5fKq8N0pIUpOb,34:20,23546,10525,10223,Tecnologia
785,dtbFLjgrg 2dQ35L,40:41,6533,3611,685,Musica
786,qp1tsko0xAj,07:14,11122,5968,3624,Esportes
787,1iDWIIfVMeoliD,31:44,31618,14039,6150,Educacao
788,c7Tp75Oq9Q4,16:14,25136,1318,10896,Culinaria
789,yVYee0,36:21,19758,18436,209,Filmes
790,xAonSsXfOZ,05:11,19495,12610,3532,Culinaria
791,BW6MgyfKH SqXW6MBTFV,50:27,2186,1081,326,Tecnologia
792,af5jkPcVor,32:26,5757,3782,1332,Culinaria
793,7oobOcz9hux,14:28,14381,6506,6684,Tecnologia
794,1inqbH,13:40,5816,4990,732,Vlogs
795,PxzTZqth2efhfvU9VR,35:36,5111,3400,152,Educacao
796,Kz2voksNivlOF,26:34,2362,1476,271,Moda
797,OYqp2FXGhk8oL,23:48,22002,9100,12672,Musica
798,BnFwYHvuZVHce6Ghq,16:32,12006,3485,72,Musica
799,1kcPIzhLVXbaaPt,05:22,20926,16298,3534,Filmes
800,powoDe8IASXsJS,38:58,27291,13814,7169,Culinaria
801,4hbVbJf69,11:43,17332,15727,347,Esportes
802,heE rGwFGhS9nP,46:07,3691,359,1576,Noticias
803,XyQ02i8E,51:17,1643,373,1026,Vlogs
804,Se4yXxEMn,55:07,5377,2878,1815,Esportes
805,9IrCWOU4F2nUmII,29:04,23370,19645,2516,Culinaria
806,npPE5isKkKhz8iojAA,50:24,10236,1885,3186,Jogos
807,ziTcxNteK,11:36,22535,2447,6412,Filmes
808,v7fj7YFbh,33:32,10112,730,5021,Culinaria
809, SxWLGbwmA,26:17,2530,958,1198,Noticias
810,xPWeDjC5DPbFYhRyd,21:51,6380,4501,725,Jogos
811,Aartd,56:12,19640,11456,1739,Noticias
812,nyl vWc,18:29,1816,1364,154,Jogos
813,cpYMy14,44:13,20740,1950,7037,Esportes
814,Og BDlJMUzPh,01:07,2185,886,1059,Filmes
815,r 5jOz1Erln7nOtHH,53:33,8092,5334,1557,Jogos
816,6y51PyS6WuMFFCS,50:14,14970,14575,203,Noticias
817,exeEf5X IMKmS4Zxm,30:15,17261,16374,618,Noticias
818,q46zBQFrQ4Mz,05:25,20489,14586,522,Esportes
819,V7k2Vuku7R8oLcWTPsz,17:59,28833,17969,6435,Moda
820,7Cw0IzVYaUNRTi,24:42,20292,7878,1638,Culinaria
821,NHUCvv4fAz6TfNS,49:25,29111,20864,3958,Vlogs
822,tYWgvdFCI,00:31,18765,2259,4039,Filmes
823,rusryQ7waf39HV64lc,23:38,4783,3247,606,Jogos
824,RUmw0pjpq CijxyB,17:20,9440,9303,135,Tecnologia
825,6ejOv,52:07,13272,12185,484,Tecnologia
826,2CmTy8RodJNyoN,30:55,6675,4525,1473,Jogos
827,5Aqsn,37:32,20353,9698,8309,Culinaria
828,0drqgqDfWpwAMv4,33:34,18930,9045,6221,Noticias
829, cm Ez,22:37,5629,679,3362,Jogos
830,n3o2TWBUdWnhoeC,08:50,30637,360,13125,Tecnologia
831,K3DFBPV,51:46,15666,5619,5170,Jogos
832,A3d9AcLTekc,58:34,20666,9764,4663,Vlogs
833,NBDS7,48:13,11523,5702,5809,Tecnologia
834,aedMO5sZ4Byu,17:52,8322,6809,427,Educacao
835,GRJA44UVemtvZPdLU1GE,34:14,15941,85,8682,Filmes
836,pWLjklF2 FiBv,48:39,1812,894,826,Noticias
837,IwIlbMb7Bv73cMNs1,17:28,2279,80,253,Esportes
838,qa4 cAO2y,50:19,20691,4081,10655,Culinaria
839,n9YX4lRwTxS6354,07:56,23247,11480,6970,Culinaria
840,Iv4njeX,06:13,16088,9611,4566,Moda
841,NF8z3c ,08:51,11478,5612,3377,Vlogs
842,oQOgosj4sa,24:28,1530,1276,244,Esportes
843,g49HRG6Iw7CO6g,15:49,23371,14187,3420,Musica
844,KL42GWfyXz4Ihg414J,08:56,30492,18467,8330,Jogos
845,mgtvUkGWNu0nLX,59:42,10532,6704,604,Moda
846,3G0 rC7S3wJS,26:28,15407,1297,6797,Esportes
847,I67js1Mq,40:02,13618,2059,2161,Filmes
848,xmgeK8Ibwd MLmK,48:37,31456,1085,17083,Filmes
849,4SAH01oIWWIT,33:38,13212,12848,144,Moda
850,OMuJk,28:15,6456,1805,2668,Esportes
851,C9R4Eh3F,03:14,32082,4207,14311,Musica
852,1fmZcUPOVWxE 8nvgG,07:29,26466,9637,3651,Moda
853,peQdH Yj4,34:26,27742,5558,1885,Filmes
854,q0Y4X,54:26,28043,26574,963,Educacao
855,FFFaBZBa4YAL,23:34,22990,16995,2142,Musica
856,hqwNe9J4eO9GFxT,00:52,21900,3041,5191,Moda
857,q7deXoSAzjfWcg2Gwq,58:04,31200,22619,1265,Culinaria
858,9ZwPzxDzl1QW6JSp,34:31,15237,1510,1136,Moda
859,pjOl0e,24:36,24738,22965,1133,Tecnologia
860,fZtoruYE,08:24,26321,22951,193,Filmes
861,7im6xLo9nCrf9nue3IEs,38:00,7700,911,2232,Jogos
862,CIyNzk9DfJFV,32:03,25277,1022,18145,Filmes
863,wlE3vTfqPVXuZlGCrE,31:06,2788,2581,150,Noticias
864,XCxWnPeNyxR7D1L,11:35,23074,17463,585,Educacao
865,2Jc1uh1TrrBCH,14:27,5233,3994,1084,Noticias
866,4ev6l8FnmLqKrVN3F3k,25:22,32587,3075,19873,Jogos
867, 0BzCfpxAldd,25:56,13278,501,3208,Filmes
868,5UNCJ5abbvhWZCdPpE,43:41,4621,936,3372,Educacao
869,ABz3 xvZBSa,15:26,28712,12786,748,Jogos
870,6XkqjUndjwEW,56:47,14317,10606,2908,Jogos
871,dgcIGxlSH5VR,57:01,24497,15432,946,Vlogs
872,lD9hXLtQbKp,28:26,22779,11417,4742,Esportes
873,3NF83MXf7FA,24:49,28667,5643,16834,Musica
874,RbKKKUaipeH,24:11,19308,13500,2500,Musica
875,NqdIwna7,05:44,22659,15039,7150,Noticias
876,ZyXcAQR,59:55,32322,16656,11379,Noticias
877,8RrJ2EX4hG,29:32,14964,1180,2623,Vlogs
878,y5BBGV97qCYlytAUylpI,29:55,28227,26653,582,Vlogs
879,VXkVZ527kSogxiYAEm,54:08,813,227,230,Noticias
880,R5yTxXOOSU9s3ZzGBdtt,06:44,17812,13724,1388,Vlogs
881,YZ0qs25fzHMouTN33,12:18,16093,1207,1345,Educacao
882,2SwLFBm,00:57,31777,17888,12637,Culinaria
883,borMg00Cd9dF,00:49,30786,6160,21930,Tecnologia
884,aEkO02xydEkyyAr,34:35,31878,22703,604,Jogos
885,gLPssdEF,24:51,7408,306,6307,Educacao
886,vCQzVJoSG ad,40:07,15254,8494,3091,Moda
887,zuLCskVvEyl0kDL,19:35,27492,21441,3882,Educacao
888,i3x5XM5AKIofTkK pX,21:33,21178,20653,480,Moda
889,yFsPUQYpbBNWbfNNM7zG,57:45,9881,3168,5885,Vlogs
890,D71YFQMY 3fkF,16:15,14874,1155,2073,Esportes
891,ArkGqZ,41:24,24916,18435,1262,Musica
892,V2B5gjgCUdAKqJsk6,31:39,1355,946,13,Educacao
893,jJPHOgS1iL1tNL2X9m,24:31,17407,3160,12430,Moda
894,v9QyH3,59:35,16932,12791,1651,Noticias
895,v47XDJIyhx5uZ,10:34,3090,799,1179,Vlogs
896,VbAPY,37:49,21255,16745,2425,Filmes
897,EHXKNeCDZ4Vda,27:44,18363,6942,4508,Moda
898,7CALsru,12:13,28245,2701,16029,Noticias
899,4tK2jHJ,08:00,31494,18354,11153,Vlogs
900,UGR1FkkKSWdu7NecKg,22:32,15189,5843,2566,Moda
901,V6gJZthGA4bPm2W,50:09,29782,466,23653,Vlogs
902,X8WLSWXP1XGsrLv,16:10,28104,15069,8340,Culinaria
903,jjb4hK1H,30:48,4165,1590,1865,Jogos
904,l9jIrZFLD3AlcUGTkVF,19:21,11033,5779,1025,Noticias
905,kaOiQWg,04:51,25943,24941,917,Esportes
906,Z6DIvif3kadAV1,14:15,2824,1700,974,Moda
907,dL3TypzmChxpENwpTfo,18:33,2255,91,279,Noticias
908,YKuNapkvFDqeAfiM7SY,27:55,22882,8632,4679,Vlogs
909,dz9xxS7Ji,04:55,2394,2200,103,Filmes
910,wKgUb,51:32,16340,272,9889,Jogos
911,j1PfeC0JqHEpYvG1,00:42,11471,4648,4337,Filmes
912,N7ujO0ZoBbXH,53:03,31680,13291,8699,Educacao
913,D Qs5LJggBaL3n5iC,54:08,11949,4224,7374,Culinaria
914,6ypXSxrEVVAGmYc,57:40,31007,23633,1166,Esportes
915,rvr8Al2V2n,29:22,8700,5835,1219,Filmes
916,ZWLSIf PuLGEfd,04:00,13053,2483,3160,Tecnologia
917,QUosssYL,08:20,28890,17928,1318,Culinaria
918,odcUtPvES,21:44,28199,2098,4391,Noticias
919,zo2BmZavc,01:57,30248,9232,1740,Musica
920,Cmc uzW4F9VtRz,46:31,2532,315,1665,Jogos
921,GQcwS4yQMXGCMlGITzA4,29:03,6622,5998,213,Tecnologia
922,NuzKe19vfvMvqxtP,55:57,8710,4510,3926,Tecnologia
923,yEZmIxPNNqXcfNMA7Us,24:10,26383,3811,1824,Jogos
924,1dTpFkaeNUAZQxObYnu,43:36,8899,8604,161,Culinaria
925,sV1s3dj,20:34,11013,5989,4942,Tecnologia
926,0vZsk9e7b8LGVQ,25:50,22249,4617,7333,Moda
927,g7mth0urVGMnZ081,25:25,27686,22077,4078,Musica
928,6aVPeSx4eqffKBo c,22:14,19117,12177,2144,Tecnologia
929,BmOj5I8A4,17:51,9913,879,8098,Educacao
930,IBYM2v8v0g2cEBSszO1,06:05,31945,2264,11416,Moda
931,PzqD5DQWe0aU6,09:07,19599,5213,9777,Noticias
932,vPdaZmaH 7 cW,38:46,8447,2476,5175,Educacao
933,Hhsn9V,34:39,4799,728,3740,Esportes
934,6eyXfdCR4ZBOsWNr,30:55,8640,2891,2700,Musica
935,C72JjDWjLWG,20:18,18720,6494,6649,Tecnologia
936,idhq8ks3cCb,26:04,24350,5589,865,Filmes
937,5tOaMNzN8BTbI,46:31,7054,827,4582,Filmes
938,5aE4sC3sPr8n,22:04,15384,7505,5051,Educacao
939,TY8mRj3xx3db64NyuM34,11:24,4108,3060,37,Culinaria
940,rzm9UbbpHiuedWhH76f,17:00,6583,3713,44,Educacao
941,DTz0lmj55fYQ5,46:07,10907,7475,497,Tecnologia
942,s4GO1i1gnICrgi,29:03,31275,30213,540,Jogos
943,iM uHzO8noOTgaHv,36:52,29639,27334,199,Musica
944,VCsGlrbOT7L0mLZ4,32:22,9822,6966,1474,Tecnologia
945,wFwZvyo7,01:31,11128,3461,4820,Jogos
946,RAmSN8XB0tz4xNggzof,17:38,11151,11122,23,Educacao
947,A8QlIx2IfTyRDJ1,44:47,32184,22765,3180,Jogos
948,3zodaPJ,01:25,24331,6487,2127,Filmes
949,Dk7FrJmubc4YJuTHHeA,12:01,20344,717,2128,Culinaria
950,93uJNPgmaYHnF,32:42,30044,24811,4084,Vlogs
951,0QFBC,16:16,23376,866,20561,Vlogs
952,7l LvesXZy,44:45,4343,735,962,Moda
953,Xs6iN,42:27,15271,8185,4866,Tecnologia
954,omvONyw69qIXMGsKzm,05:56,16677,14368,339,Filmes
955,OqDDTiT8tT04b,18:41,899,483,1,Musica
956,yPyra,06:06,27338,17788,694,Moda
957,QnH8CyTWv7,44:34,1794,875,4,Tecnologia
958,LsimOck wDBBjjVl4pV,00:56,29758,27395,2192,Jogos
959,96CK1BDZdmEa1kXZ6,11:45,15143,8505,1108,Culinaria
960,NQb920dgQOJdgLjfMar,48:59,29243,28206,671,Vlogs
961,gchhjcfpgdzppseYMSN,40:04,5262,1130,392,Jogos
962,JN4BPAgk,22:39,31900,31271,417,Jogos
963,KaE0wEDF ,30:58,29730,12672,14815,Noticias
964,jVALZek4izMwlXELE,38:37,1946,102,1122,Educacao
965,0T2o10IV,15:37,22927,2398,19375,Educacao
966,LlIIXE4S,43:58,16478,8645,3666,Culinaria
967,agzbJk6laH3DF,05:10,30067,13450,3695,Esportes
968,WtcegKm8UC5tWN 0A,46:16,21394,17183,1418,Vlogs
969,YGRPa0wV,57:24,26773,3967,16205,Vlogs
970,cCD4bqPy8,20:40,25303,5901,552,Jogos
971,e0zgpngVh4EQ,37:33,22987,550,9866,Filmes
972,w2Kpvd,41:05,24888,20822,1290,Educacao
973,1XeUxWt1ZB1,26:27,12995,7979,258,Tecnologia
974,PPx3I FuaDazHx,07:44,10668,4682,3640,Musica
975,tK9Awdvin48 Qu,12:33,20833,10436,4730,Tecnologia
976,ZoDFkV8yHpkCAzAFMsu,05:53,23959,10188,7632,Musica
977,kkL5UXt,13:54,21678,3830,7309,Jogos
978,WQBkOm2GkTANqO,38:12,27611,10670,9407,Vlogs
979,HvFLBB7,18:39,9657,2712,3299,Moda
980,oKOmkPIRG,35:24,32063,1957,16518,Jogos
981,7c rU0Ga26S ULncr,08:41,2651,727,1252,Musica
982,td4DQBmpW19tsnmdc,09:23,29177,26750,2160,Esportes
983,uFlUowKR,14:02,3032,2735,121,Tecnologia
984,Ktb5F1MUweM SMpOK,25:11,10050,343,5732,Esportes
985,gX0s6aYi0C8Yfu2m,30:08,19100,4335,7268,Tecnologia
986,v2R0nJREQl00iJCJzi,15:10,31301,184,15625,Jogos
987,CyKVL,43:56,8377,5422,2223,Culinaria
988, 7wzmGfLPqObkqbm,49:06,29590,13651,13249,Musica
989,BtEFXVwO,01:30,16573,15283,853,Vlogs
990,mqtwc2Pd NTWm,41:17,32027,12290,15427,Filmes
991,iiclvlRtdjGjiBPg 1J,45:21,30565,3925,8918,Educacao
992,KGYh7X,00:56,28344,18790,7422,Noticias
993,EU2bxPorVnrxD8P0xy,30:17,16272,1678,2530,Jogos
994,b Xx3oSA2K6,32:40,6389,626,4301,Musica
995,IGzXeEGU17lLDv4LvACW,58:19,6494,1787,2560,Vlogs
996,NXHYy0Bpc9720q,33:42,6062,2802,1580,Noticias
997,F73qOEfXiZDkY,13:51,11829,6879,1544,Filmes
998,1Ffo2WQpOWVBIdzn7Q9,15:21,28813,3573,3217,Musica
999,CgjrL7zXIF8E74Dq0x,38:08,25647,17349,4203,Jogos
1000,Cj7YBoeqQdJSbudK,57:51,13067,2488,10321,Filmes
